<languagelist>
<NVR_LOG_REBOOT_DEV>重启设备</NVR_LOG_REBOOT_DEV>
<NVR_LOG_OPEN_DEV>开启设备</NVR_LOG_OPEN_DEV>
<NVR_LOG_CLOSE_DEV>关闭设备</NVR_LOG_CLOSE_DEV>
<NVR_LOG_LOGIN_IN>用户登录</NVR_LOG_LOGIN_IN>
<NVR_LOG_LOGIN_WEB_OUT>用户注销</NVR_LOG_LOGIN_WEB_OUT>
<NVR_LOG_ACTIVE_DEV>激活设备</NVR_LOG_ACTIVE_DEV>
<NVR_LOG_BEGIN_BROWSE>开始浏览</NVR_LOG_BEGIN_BROWSE>
<NVR_LOG_STOP_BROWSE>停止浏览</NVR_LOG_STOP_BROWSE>
<NVR_LOG_PTZ_CONTROL_SUCC>控制摄像头指令</NVR_LOG_PTZ_CONTROL_SUCC>
<NVR_LOG_REC_START>开启录像</NVR_LOG_REC_START>
<NVR_LOG_REC_STOP>停止录像</NVR_LOG_REC_STOP>
<NVR_LOG_REC_AUTO>自动录像</NVR_LOG_REC_AUTO>
<NVR_LOG_SNAP_START>开始抓图</NVR_LOG_SNAP_START>
<NVR_LOG_SNAP_STOP>结束抓图</NVR_LOG_SNAP_STOP>
<NVR_LOG_LOCK_REC>锁定录像</NVR_LOG_LOCK_REC>
<NVR_LOG_UNLOCK_REC>解锁录像</NVR_LOG_UNLOCK_REC>
<NVR_LOG_REC_TIME_INDEX_REPLAY>录像回放</NVR_LOG_REC_TIME_INDEX_REPLAY>
<NVR_LOG_ADD_LABEL>添加标签</NVR_LOG_ADD_LABEL>
<NVR_LOG_DEL_LABEL>删除标签</NVR_LOG_DEL_LABEL>
<NVR_LOG_CHANGE_LABEL>修改标签</NVR_LOG_CHANGE_LABEL>
<NVR_LOG_BACKUP_REC_FILE>备份录像文件</NVR_LOG_BACKUP_REC_FILE>
<NVR_LOG_BACKUP_IMAGE_FILE>备份图片文件</NVR_LOG_BACKUP_IMAGE_FILE>
<NVR_LOG_CHN_ADD>添加通道</NVR_LOG_CHN_ADD>
<NVR_LOG_CHN_DEL>删除通道</NVR_LOG_CHN_DEL>
<NVR_LOG_CHN_CHANGE>修改通道</NVR_LOG_CHN_CHANGE>
<NVR_LOG_EXPORT_CHN_LIST>导出通道列表</NVR_LOG_EXPORT_CHN_LIST>
<NVR_LOG_INPORT_CHN_LIST>导入通道列表</NVR_LOG_INPORT_CHN_LIST>
<NVR_LOG_EXPORT_CFG>导出配置</NVR_LOG_EXPORT_CFG>
<NVR_LOG_INPORT_CFG>导入配置</NVR_LOG_INPORT_CFG>
<NVR_LOG_IPC_UPGRADE>通道升级</NVR_LOG_IPC_UPGRADE>
<NVR_LOG_IPC_ACTIVE>前端设备激活</NVR_LOG_IPC_ACTIVE>
<NVR_LOG_SET_IPC_PARAM_BY_IP>设置前端配置参数</NVR_LOG_SET_IPC_PARAM_BY_IP>
<NVR_LOG_SET_IPC_PARAM>设置前端配置参数</NVR_LOG_SET_IPC_PARAM>
<NVR_LOG_SET_CHN_ALIAS>配置通道别名</NVR_LOG_SET_CHN_ALIAS>
<NVR_LOG_SET_CHN_EXCHANGE>通道交换</NVR_LOG_SET_CHN_EXCHANGE>
<NVR_LOG_SET_CHN_TIME_SYNC>设置通道时间同步</NVR_LOG_SET_CHN_TIME_SYNC>
<NVR_LOG_SET_CHN_GROUP>设置NVR通道组信息</NVR_LOG_SET_CHN_GROUP>
<NVR_LOG_SET_HOLIDAY>设置假日配置参数</NVR_LOG_SET_HOLIDAY>
<NVR_LOG_SET_FTP>设置ftp参数</NVR_LOG_SET_FTP>
<NVR_LOG_SET_ETH>设置以太网参数</NVR_LOG_SET_ETH>
<NVR_LOG_SET_SERVICE_PORT>设置服务端口参数</NVR_LOG_SET_SERVICE_PORT>
<NVR_LOG_SET_STATIC_ROUTER>设置静态路由参数</NVR_LOG_SET_STATIC_ROUTER>
<NVR_LOG_SET_MULTICAST>设置多播参数</NVR_LOG_SET_MULTICAST>
<NVR_LOG_SET_VIEWAPP>设置上联视图库协议参数</NVR_LOG_SET_VIEWAPP>
<NVR_LOG_SET_PPPOE>设置PPPoE参数</NVR_LOG_SET_PPPOE>
<NVR_LOG_SET_DDNS>设置DDNS参数</NVR_LOG_SET_DDNS>
<NVR_LOG_SET_PDNS>设置PDNS协议参数</NVR_LOG_SET_PDNS>
<NVR_LOG_SET_COI>设置COI协议参数</NVR_LOG_SET_COI>
<NVR_LOG_SET_PIGEN>设置信鸽协议参数</NVR_LOG_SET_PIGEN>
<NVR_LOG_SET_EMAIL>设置邮件参数</NVR_LOG_SET_EMAIL>
<NVR_LOG_SET_UPNP>设置端口映射参数</NVR_LOG_SET_UPNP>
<NVR_LOG_SET_SNMP>设置SNMP网管参数</NVR_LOG_SET_SNMP>
<NVR_LOG_SET_GB28181>设置接入SIP参数</NVR_LOG_SET_GB28181>
<NVR_LOG_SET_ONVIF>设置ONVIF参数</NVR_LOG_SET_ONVIF>
<NVR_LOG_SET_CLOUD_SERVICE>设置云服务参数</NVR_LOG_SET_CLOUD_SERVICE>
<NVR_LOG_SET_PRE_PROTOCOL>设置前端接入协议参数</NVR_LOG_SET_PRE_PROTOCOL>
<NVR_LOG_SET_SYS_BASE_PARAM>设置系统配置基本参数</NVR_LOG_SET_SYS_BASE_PARAM>
<NVR_LOG_HTTPS_PARAM>设置HTTPS</NVR_LOG_HTTPS_PARAM>
<NVR_LOG_SET_GRCP>设置GRCP参数</NVR_LOG_SET_GRCP>
<NVR_LOG_SET_GEO_PARAM>设置地理定位参数</NVR_LOG_SET_GEO_PARAM>
<NVR_LOG_SET_ZERO_ENC>设置零通道编码参数</NVR_LOG_SET_ZERO_ENC>
<NVR_LOG_SET_SYS_TIME>设置系统时间</NVR_LOG_SET_SYS_TIME>
<NVR_LOG_SET_TIME_ZONE>设置时区</NVR_LOG_SET_TIME_ZONE>
<NVR_LOG_SET_SUMMER_TIME>设置夏令时参数</NVR_LOG_SET_SUMMER_TIME>
<NVR_LOG_SET_AUTO_TIME>设置自动校时参数</NVR_LOG_SET_AUTO_TIME>
<NVR_LOG_SET_USER_INFO>设置用户信息</NVR_LOG_SET_USER_INFO>
<NVR_LOG_SET_ADD_USER>添加用户</NVR_LOG_SET_ADD_USER>
<NVR_LOG_SET_DEL_USER>删除用户</NVR_LOG_SET_DEL_USER>
<NVR_LOG_SET_USER_GROUP_INFO>设置用户组</NVR_LOG_SET_USER_GROUP_INFO>
<NVR_LOG_SET_ADD_USER_GROUP>添加用户组</NVR_LOG_SET_ADD_USER_GROUP>
<NVR_LOG_SET_DEL_USER_GROUP>删除用户组</NVR_LOG_SET_DEL_USER_GROUP>
<NVR_LOG_SET_RTSP_AUTHEN>设置RTSP认证</NVR_LOG_SET_RTSP_AUTHEN>
<NVR_LOG_SET_SAFE_SERVICE>设置安全服务</NVR_LOG_SET_SAFE_SERVICE>
<NVR_LOG_IPADDR_FILLRATE>设置IP地址过滤</NVR_LOG_IPADDR_FILLRATE>
<NVR_LOG_SET_SHOW_INTERFACE>设置显示接口参数</NVR_LOG_SET_SHOW_INTERFACE>
<NVR_LOG_SET_SERIAL>设置串口参数</NVR_LOG_SET_SERIAL>
<NVR_LOG_SET_ALARM_IN>设置告警输入基本参数</NVR_LOG_SET_ALARM_IN>
<NVR_LOG_SET_ALARM_TIME>设置告警布防时间</NVR_LOG_SET_ALARM_TIME>
<NVR_LOG_SET_ALARM_LINK>设置告警联动参数</NVR_LOG_SET_ALARM_LINK>
<NVR_LOG_SET_ALARM_LINK_COPY>通道联动参数拷贝</NVR_LOG_SET_ALARM_LINK_COPY>
<NVR_LOG_SET_SYS_ALARM>设置系统告警参数</NVR_LOG_SET_SYS_ALARM>
<NVR_LOG_SET_ALARM_COPY>告警参数复制</NVR_LOG_SET_ALARM_COPY>
<NVR_LOG_SET_NET_ADEVANCE>设置网络高级配置</NVR_LOG_SET_NET_ADEVANCE>
<NVR_LOG_SET_SYS_ADEVANCE>设置系统高级配置</NVR_LOG_SET_SYS_ADEVANCE>
<NVR_LOG_MEDIA_STREAM_LOST>媒体流丢失</NVR_LOG_MEDIA_STREAM_LOST>
<NVR_LOG_EXT_DISK_EXTRACT>外接硬盘拔出</NVR_LOG_EXT_DISK_EXTRACT>
<NVR_LOG_EXT_DISK_INSERT>外接硬盘插入</NVR_LOG_EXT_DISK_INSERT>
<NVR_LOG_REC_EXCEPTION>录像异常</NVR_LOG_REC_EXCEPTION>
<NVR_LOG_LINE_CONNECT>网络接入</NVR_LOG_LINE_CONNECT>
<NVR_LOG_USB_INSERT>U盘插入</NVR_LOG_USB_INSERT>
<NVR_LOG_USB_EXTRACT>U盘拔出</NVR_LOG_USB_EXTRACT>
<NVR_LOG_SATA_DISK_INSERT>硬盘插入</NVR_LOG_SATA_DISK_INSERT>
<NVR_LOG_SATA_DISK_EXTRACT>硬盘拔出</NVR_LOG_SATA_DISK_EXTRACT>
<NVR_LOG_SIMCARD_INSERT>SIM卡插入</NVR_LOG_SIMCARD_INSERT>
<NVR_LOG_SIMCARD_EXTRACT>SIM卡拔出</NVR_LOG_SIMCARD_EXTRACT>
<NVR_LOG_SRV_CENTER_REGIST>服务中心注册</NVR_LOG_SRV_CENTER_REGIST>
<NVR_LOG_SDCARD_INSERT>存储卡插入</NVR_LOG_SDCARD_INSERT>
<NVR_LOG_SDCARD_EXTRACT>存储卡拔出</NVR_LOG_SDCARD_EXTRACT>
<NVR_LOG_CRM_ONLINE>摄像机上线</NVR_LOG_CRM_ONLINE>
<NVR_LOG_SYS_REC_START>开始录像</NVR_LOG_SYS_REC_START>
<NVR_LOG_SYS_REC_STOP>停止录像</NVR_LOG_SYS_REC_STOP>
<NVR_LOG_EXCEPITON_REBOOT>掉电关机</NVR_LOG_EXCEPITON_REBOOT>
<NVR_LOG_GPS_OVERSPEED_NORMAL>超速报警结束</NVR_LOG_GPS_OVERSPEED_NORMAL>
<NVR_LOG_GPS_OVERSPEED>超速报警开始</NVR_LOG_GPS_OVERSPEED>
<NVR_LOG_SET_MANUAL_ALRAM>手动消警设置</NVR_LOG_SET_MANUAL_ALRAM>
<NVR_LOG_SET_HOT_BACKUP>设置热备设置参数</NVR_LOG_SET_HOT_BACKUP>
<NVR_LOG_SET_AUTO_MAINTENANCE>设置自动维护</NVR_LOG_SET_AUTO_MAINTENANCE>
<NVR_LOG_SET_REC_SNAP>设置录像抓拍参数</NVR_LOG_SET_REC_SNAP>
<NVR_LOG_SET_REC_ADVANCE>设置录像高级配置</NVR_LOG_SET_REC_ADVANCE>
<NVR_LOG_SET_COPY_REC_MODE>拷贝录像模式</NVR_LOG_SET_COPY_REC_MODE>
<NVR_LOG_SET_REC_MODE_PLAN>设置录像模式和计划</NVR_LOG_SET_REC_MODE_PLAN>
<NVR_LOG_SET_SNAP_PLAN>设置抓拍计划</NVR_LOG_SET_SNAP_PLAN>
<NVR_LOG_SET_COPY_REC_PLAN>拷贝录像计划</NVR_LOG_SET_COPY_REC_PLAN>
<NVR_LOG_SET_COPY_SNAP_PLAN>拷贝抓拍计划</NVR_LOG_SET_COPY_SNAP_PLAN>
<NVR_LOG_SET_STORAGE_BASE_MANAGE>设置硬盘基本管理参数</NVR_LOG_SET_STORAGE_BASE_MANAGE>
<NVR_LOG_SET_STORAGE_ARRAY>设置阵列存储参数</NVR_LOG_SET_STORAGE_ARRAY>
<NVR_LOG_SET_SNAP_MODE_PLAN>设置抓拍模式和计划</NVR_LOG_SET_SNAP_MODE_PLAN>
<NVR_LOG_SET_ALARM_OUT_DELAY_PARAM>设置报警输出参数</NVR_LOG_SET_ALARM_OUT_DELAY_PARAM>
<NVR_LOG_INIT_SATA>初始化硬盘</NVR_LOG_INIT_SATA>
<NVR_LOG_CHECK_SELF>物理硬盘自检</NVR_LOG_CHECK_SELF>
<NVR_LOG_ADD_NET_SATA>添加网络盘</NVR_LOG_ADD_NET_SATA>
<NVR_LOG_DEL_NET_SATA>删除网络盘</NVR_LOG_DEL_NET_SATA>
<NVR_LOG_ADD_ARRAY_SATA>增加阵列构建</NVR_LOG_ADD_ARRAY_SATA>
<NVR_LOG_DEL_ARRAY_SATA>删除阵列构建</NVR_LOG_DEL_ARRAY_SATA>
<NVR_LOG_ADD_SATA>添加硬盘</NVR_LOG_ADD_SATA>
<NVR_LOG_DEL_SATA>卸载硬盘</NVR_LOG_DEL_SATA>
<NVR_LOG_ADD_HOT_BACKUP_SATA>添加热备盘</NVR_LOG_ADD_HOT_BACKUP_SATA>
<NVR_LOG_DEL_HOT_BACKUP_SATA>删除热备盘</NVR_LOG_DEL_HOT_BACKUP_SATA>
<NVR_LOG_CONFIG_SATA>设置硬盘</NVR_LOG_CONFIG_SATA>
<NVR_LOG_CONFIG_SET_SATA_STANDBY>设置硬盘休眠</NVR_LOG_CONFIG_SET_SATA_STANDBY>
<NVR_LOG_CONFIG_SET_SATA_SAVE_MODE>设置硬盘存储模式</NVR_LOG_CONFIG_SET_SATA_SAVE_MODE>
<NVR_LOG_UPDATE>设备升级</NVR_LOG_UPDATE>
<NVR_LOG_SIMPLE_RECOVERY>简单恢复</NVR_LOG_SIMPLE_RECOVERY>
<NVR_LOG_COMPLETE_RECOVERY>完全恢复</NVR_LOG_COMPLETE_RECOVERY>
<NVR_LOG_GUI_OUTPUT_CUT>GUI视频切换</NVR_LOG_GUI_OUTPUT_CUT>
<NVR_LOG_GUI_STYLE_CUT>GUI画面风格切换</NVR_LOG_GUI_STYLE_CUT>
<NVR_LOG_VOICE_CALL_START>语音对讲开始</NVR_LOG_VOICE_CALL_START>
<NVR_LOG_VOICE_CALL_STOP>语音对讲结束</NVR_LOG_VOICE_CALL_STOP>
<NVR_LOG_BRODCAST_START>开启广播</NVR_LOG_BRODCAST_START>
<NVR_LOG_VOICE_CALL_OR_BRODCAST_STOP>停止对讲或广播</NVR_LOG_VOICE_CALL_OR_BRODCAST_STOP>
<NVR_LOG_NVR_ALARM_IN_START>NVR告警输入开始</NVR_LOG_NVR_ALARM_IN_START>
<NVR_LOG_NVR_ALARM_IN_STOP>NVR告警输入消警</NVR_LOG_NVR_ALARM_IN_STOP>
<NVR_LOG_ALARM_IN_START>告警输入开始</NVR_LOG_ALARM_IN_START>
<NVR_LOG_ALARM_IN_STOP>告警输入消警</NVR_LOG_ALARM_IN_STOP>
<NVR_LOG_DEV_ALARM_IN_START>前端告警输入开始</NVR_LOG_DEV_ALARM_IN_START>
<NVR_LOG_DEV_ALARM_IN_STOP>前端告警输入消警</NVR_LOG_DEV_ALARM_IN_STOP>
<NVR_LOG_MOVING_START>移动侦测开始</NVR_LOG_MOVING_START>
<NVR_LOG_MOVING_STOP>移动侦测结束</NVR_LOG_MOVING_STOP>
<NVR_LOG_VIDEO_LOST_START>视频丢失开始</NVR_LOG_VIDEO_LOST_START>
<NVR_LOG_VIDEO_LOST_STOP>视频丢失结束</NVR_LOG_VIDEO_LOST_STOP>
<NVR_LOG_WARNING_LINE_START>警戒线侦测开始</NVR_LOG_WARNING_LINE_START>
<NVR_LOG_WARNING_LINE_STOP>警戒线侦测结束</NVR_LOG_WARNING_LINE_STOP>
<NVR_LOG_DETECT_START>区域入侵侦测开始</NVR_LOG_DETECT_START>
<NVR_LOG_DETECT_STOP>区域入侵侦测结束</NVR_LOG_DETECT_STOP>
<NVR_LOG_DETECT_IN_START>进入区域开始</NVR_LOG_DETECT_IN_START>
<NVR_LOG_DETECT_IN_STOP>进入区域结束</NVR_LOG_DETECT_IN_STOP>
<NVR_LOG_DETECT_OUT_START>离开区域开始</NVR_LOG_DETECT_OUT_START>
<NVR_LOG_DETECT_OUT_STOP>离开区域结束</NVR_LOG_DETECT_OUT_STOP>
<NVR_LOG_PROPERTY_LOST_START>物品遗留侦测开始</NVR_LOG_PROPERTY_LOST_START>
<NVR_LOG_PROPERTY_LOST_STOP>物品遗留侦测结束</NVR_LOG_PROPERTY_LOST_STOP>
<NVR_LOG_PROPERTY_TAKE_START>物品拿取侦测开始</NVR_LOG_PROPERTY_TAKE_START>
<NVR_LOG_PROPERTY_TAKE_STOP>物品拿取侦测结束</NVR_LOG_PROPERTY_TAKE_STOP>
<NVR_LOG_PEOPLE_GATHERING_START>人员聚集侦测开始</NVR_LOG_PEOPLE_GATHERING_START>
<NVR_LOG_PEOPLE_GATHERING_STOP>人员聚集侦测结束</NVR_LOG_PEOPLE_GATHERING_STOP>
<NVR_LOG_FACE_DETECTION_START>人脸检测侦测开始</NVR_LOG_FACE_DETECTION_START>
<NVR_LOG_FACE_DETECTION_STOP>人脸检测侦测结束</NVR_LOG_FACE_DETECTION_STOP>
<NVR_LOG_SHADE_START>遮挡告警开始</NVR_LOG_SHADE_START>
<NVR_LOG_SHADE_STOP>遮挡告警结束</NVR_LOG_SHADE_STOP>
<NVR_LOG_OUT_OF_FOCUS_START>虚焦侦测开始</NVR_LOG_OUT_OF_FOCUS_START>
<NVR_LOG_OUT_OF_FOCUS_STOP>虚焦侦测结束</NVR_LOG_OUT_OF_FOCUS_STOP>
<NVR_LOG_SCENE_CHANGE_START>场景变更侦测开始</NVR_LOG_SCENE_CHANGE_START>
<NVR_LOG_SCENE_CHANGE_STOP>场景变更侦测结束</NVR_LOG_SCENE_CHANGE_STOP>
<NVR_LOG_AUDIO_EXCEPTION_START>音频异常侦测开始</NVR_LOG_AUDIO_EXCEPTION_START>
<NVR_LOG_AUDIO_EXCEPTION_STOP>音频异常侦测结束</NVR_LOG_AUDIO_EXCEPTION_STOP>
<NVR_LOG_TRACK_STRAT>智能追踪开始</NVR_LOG_TRACK_STRAT>
<NVR_LOG_TRACK_STOP>智能追踪结束</NVR_LOG_TRACK_STOP>
<NVR_LOG_HUMAN_DETECT_START>人员检测开始</NVR_LOG_HUMAN_DETECT_START>
<NVR_LOG_HUMAN_DETECT_STOP>人员检测结束</NVR_LOG_HUMAN_DETECT_STOP>
<NVR_LOG_USR_DEF_SD_EVENT_1_START>自定义1开始</NVR_LOG_USR_DEF_SD_EVENT_1_START>
<NVR_LOG_USR_DEF_SD_EVENT_1_STOP>自定义1结束</NVR_LOG_USR_DEF_SD_EVENT_1_STOP>
<NVR_LOG_USR_DEF_SD_EVENT_2_START>自定义2开始</NVR_LOG_USR_DEF_SD_EVENT_2_START>
<NVR_LOG_USR_DEF_SD_EVENT_2_STOP>自定义2结束</NVR_LOG_USR_DEF_SD_EVENT_2_STOP>
<NVR_LOG_USR_DEF_SD_EVENT_3_START>自定义3开始</NVR_LOG_USR_DEF_SD_EVENT_3_START>
<NVR_LOG_USR_DEF_SD_EVENT_3_STOP>自定义3结束</NVR_LOG_USR_DEF_SD_EVENT_3_STOP>
<NVR_LOG_USR_DEF_SD_EVENT_4_START>自定义4开始</NVR_LOG_USR_DEF_SD_EVENT_4_START>
<NVR_LOG_USR_DEF_SD_EVENT_4_STOP>自定义4结束</NVR_LOG_USR_DEF_SD_EVENT_4_STOP>
<NVR_LOG_USR_DEF_SD_EVENT_5_START>自定义5开始</NVR_LOG_USR_DEF_SD_EVENT_5_START>
<NVR_LOG_USR_DEF_SD_EVENT_5_STOP>自定义5结束</NVR_LOG_USR_DEF_SD_EVENT_5_STOP>
<NVR_LOG_USR_DEF_SD_EVENT_6_START>自定义6开始</NVR_LOG_USR_DEF_SD_EVENT_6_START>
<NVR_LOG_USR_DEF_SD_EVENT_6_STOP>自定义6结束</NVR_LOG_USR_DEF_SD_EVENT_6_STOP>
<NVR_LOG_USR_DEF_SD_EVENT_7_START>自定义7开始</NVR_LOG_USR_DEF_SD_EVENT_7_START>
<NVR_LOG_USR_DEF_SD_EVENT_7_STOP>自定义7结束</NVR_LOG_USR_DEF_SD_EVENT_7_STOP>
<NVR_LOG_USR_DEF_SD_EVENT_8_START>自定义8开始</NVR_LOG_USR_DEF_SD_EVENT_8_START>
<NVR_LOG_USR_DEF_SD_EVENT_8_STOP>自定义8结束</NVR_LOG_USR_DEF_SD_EVENT_8_STOP>
<NVR_LOG_USR_DEF_SD_EVENT_9_START>自定义9开始</NVR_LOG_USR_DEF_SD_EVENT_9_START>
<NVR_LOG_USR_DEF_SD_EVENT_9_STOP>自定义9结束</NVR_LOG_USR_DEF_SD_EVENT_9_STOP>
<NVR_LOG_USR_DEF_SD_EVENT_10_START>自定义10开始</NVR_LOG_USR_DEF_SD_EVENT_10_START>
<NVR_LOG_USR_DEF_SD_EVENT_10_STOP>自定义10结束</NVR_LOG_USR_DEF_SD_EVENT_10_STOP>
<NVR_LOG_USR_DEF_SD_EVENT_11_START>自定义11开始</NVR_LOG_USR_DEF_SD_EVENT_11_START>
<NVR_LOG_USR_DEF_SD_EVENT_11_STOP>自定义11结束</NVR_LOG_USR_DEF_SD_EVENT_11_STOP>
<NVR_LOG_USR_DEF_SD_EVENT_12_START>自定义12开始</NVR_LOG_USR_DEF_SD_EVENT_12_START>
<NVR_LOG_USR_DEF_SD_EVENT_12_STOP>自定义12结束</NVR_LOG_USR_DEF_SD_EVENT_12_STOP>
<NVR_LOG_USR_DEF_SD_EVENT_13_START>自定义13开始</NVR_LOG_USR_DEF_SD_EVENT_13_START>
<NVR_LOG_USR_DEF_SD_EVENT_13_STOP>自定义13结束</NVR_LOG_USR_DEF_SD_EVENT_13_STOP>
<NVR_LOG_USR_DEF_SD_EVENT_14_START>自定义14开始</NVR_LOG_USR_DEF_SD_EVENT_14_START>
<NVR_LOG_USR_DEF_SD_EVENT_14_STOP>自定义14结束</NVR_LOG_USR_DEF_SD_EVENT_14_STOP>
<NVR_LOG_USR_DEF_SD_EVENT_15_START>自定义15开始</NVR_LOG_USR_DEF_SD_EVENT_15_START>
<NVR_LOG_USR_DEF_SD_EVENT_15_STOP>自定义15结束</NVR_LOG_USR_DEF_SD_EVENT_15_STOP>
<NVR_LOG_USR_DEF_SD_EVENT_16_START>自定义16开始</NVR_LOG_USR_DEF_SD_EVENT_16_START>
<NVR_LOG_USR_DEF_SD_EVENT_16_STOP>自定义16结束</NVR_LOG_USR_DEF_SD_EVENT_16_STOP>
<NVR_LOG_NO_REC_RECORD_TIME>录像时长不足</NVR_LOG_NO_REC_RECORD_TIME>
<NVR_LOG_LINE_DISCONNECT>无网络连接</NVR_LOG_LINE_DISCONNECT>
<NVR_LOG_PPPOE_EXCEPTION>拨号异常</NVR_LOG_PPPOE_EXCEPTION>
<NVR_LOG_IP_CONFLIT>IP地址冲突</NVR_LOG_IP_CONFLIT>
<NVR_LOG_IP_CONFLIT_STOP>IP地址冲突消警</NVR_LOG_IP_CONFLIT_STOP>
<NVR_LOG_MAC_CONFLIT>物理地址冲突</NVR_LOG_MAC_CONFLIT>
<NVR_LOG_MAC_CONFLIT_STOP>物理地址冲突消警</NVR_LOG_MAC_CONFLIT_STOP>
<NVR_LOG_MONITOR_DROPPED>监控点掉线</NVR_LOG_MONITOR_DROPPED>
<NVR_LOG_NO_REC_DISK>无可用于录像的硬盘</NVR_LOG_NO_REC_DISK>
<NVR_LOG_DISK_FAULT>硬盘故障</NVR_LOG_DISK_FAULT>
<NVR_LOG_REC_SPACE_FULL>录像空间满</NVR_LOG_REC_SPACE_FULL>
<NVR_LOG_SNAP_SPACE_FULL>抓拍空间满</NVR_LOG_SNAP_SPACE_FULL>
<NVR_LOG_ILLEGA_ACCESS>非法访问</NVR_LOG_ILLEGA_ACCESS>
<NVR_LOG_KSHIELD_SIGN_EXCEPTION>签名异常</NVR_LOG_KSHIELD_SIGN_EXCEPTION>
<NVR_LOG_HOT_BACKUP_EXCETPION>热备异常</NVR_LOG_HOT_BACKUP_EXCETPION>
<NVR_LOG_NET_SPEED_DROP>网速下降</NVR_LOG_NET_SPEED_DROP>
<NVR_LOG_BEGIN_ALL_BROWSE>开始全部浏览</NVR_LOG_BEGIN_ALL_BROWSE>
<NVR_LOG_STOP_ALL_BROWSE>停止全部浏览</NVR_LOG_STOP_ALL_BROWSE>
<NVR_LOG_NET_PCAP_START>网络抓包</NVR_LOG_NET_PCAP_START>
<NVR_LOG_REC_CUT>录像剪辑</NVR_LOG_REC_CUT>
<NVR_LOG_REC_DOWNLOAD>录像下载</NVR_LOG_REC_DOWNLOAD>
<NVR_LOG_IMAGE_DOWNLOAD>图像下载</NVR_LOG_IMAGE_DOWNLOAD>
<NVR_LOG_IMAGE_REPLAY>图片回放</NVR_LOG_IMAGE_REPLAY>
<NVR_LOG_MONITOR_REONLINE>监控点重新上线</NVR_LOG_MONITOR_REONLINE>
<NVR_LOG_PING_NORMALREPLAY>目的主机正常回复</NVR_LOG_PING_NORMALREPLAY>
<NVR_LOG_PING_REPLAYTIMEOUT>回复超时</NVR_LOG_PING_REPLAYTIMEOUT>
<NVR_LOG_PING_OCCURERROR>发生错误</NVR_LOG_PING_OCCURERROR>
<NVR_LOG_PING_HOSTUNREACH>目的主机不可达</NVR_LOG_PING_HOSTUNREACH>
<NVR_VIEWLOG_USEROPTION>用户操作</NVR_VIEWLOG_USEROPTION>
<NVR_VIEWLOG_SYSTEMABNORMAL>系统异常</NVR_VIEWLOG_SYSTEMABNORMAL>
<NVR_VIEWLOG_FRONTENDALARM>前端告警</NVR_VIEWLOG_FRONTENDALARM>
<NVR_VIEWLOG_DEVICEALARM>设备告警</NVR_VIEWLOG_DEVICEALARM>
<NVR_LOG_SET_VSIP>设置VSIP接入平台的配置</NVR_LOG_SET_VSIP>
<NVR_LOG_SD_DETECT_RECOGNITION_SET>设置检测识别</NVR_LOG_SD_DETECT_RECOGNITION_SET>
<NVR_LOG_SD_DETECT_RECOGNITION_DEL>删除检测识别</NVR_LOG_SD_DETECT_RECOGNITION_DEL>
<NVR_LOG_SD_COMPARISON_RULES_ADD>添加比对规则</NVR_LOG_SD_COMPARISON_RULES_ADD>
<NVR_LOG_SD_COMPARISON_RULES_DEL>删除比对规则</NVR_LOG_SD_COMPARISON_RULES_DEL>
<NVR_LOG_SD_COMPARISON_RULES_MODIFY>编辑比对规则</NVR_LOG_SD_COMPARISON_RULES_MODIFY>
<NVR_LOG_EXPORT_IMG>导出图片</NVR_LOG_EXPORT_IMG>
<NVR_LOG_SD_CTRLLIB_ADD>添加布控库</NVR_LOG_SD_CTRLLIB_ADD>
<NVR_LOG_SD_CTRLLIB_DEL>删除布控库</NVR_LOG_SD_CTRLLIB_DEL>
<NVR_LOG_SD_CTRLLIB_MODIFY>编辑布控库</NVR_LOG_SD_CTRLLIB_MODIFY>
<NVR_LOG_SD_CTRLLIB_PERSON_ADD>添加布控人员</NVR_LOG_SD_CTRLLIB_PERSON_ADD>
<NVR_LOG_SD_CTRLLIB_PERSON_DEL>删除布控人员</NVR_LOG_SD_CTRLLIB_PERSON_DEL>
<NVR_LOG_SD_CTRLLIB_PERSON_MODIFY>编辑布控人员</NVR_LOG_SD_CTRLLIB_PERSON_MODIFY>
<NVR_LOG_SD_CTRLLIB_PERSON_ADD_MORE>批量添加布控人员</NVR_LOG_SD_CTRLLIB_PERSON_ADD_MORE>
<NVR_LOG_SD_CTRLLIB_PERSON_COPY>复制布控人员</NVR_LOG_SD_CTRLLIB_PERSON_COPY>
<NVR_LOG_SD_CTRLLIB_PERSON_INPORT>布控人员导入备份</NVR_LOG_SD_CTRLLIB_PERSON_INPORT>
<NVR_LOG_SD_CTRLLIB_PERSON_EXPORT>布控人员导出备份</NVR_LOG_SD_CTRLLIB_PERSON_EXPORT>
<NVR_LOG_ACCESS_PROTECT_START>防拆报警开始</NVR_LOG_ACCESS_PROTECT_START>
<NVR_LOG_ACCESS_PROTECT_STOP>防拆报警结束</NVR_LOG_ACCESS_PROTECT_STOP>
<NVR_ERR__PUI_DEV_NO_EXIST>设备不存在</NVR_ERR__PUI_DEV_NO_EXIST>
<NVR_ERR__PUI_DEV_OFFLINE>设备不在线</NVR_ERR__PUI_DEV_OFFLINE>
<NVR_LOG_SF_SET_REMOUT_CFG>设置远程点输出配置</NVR_LOG_SF_SET_REMOUT_CFG>
<NVR_LOG_SF_ADD_REMDEV>添加远程点</NVR_LOG_SF_ADD_REMDEV>
<NVR_LOG_SF_DEL_REMDEV>删除远程点</NVR_LOG_SF_DEL_REMDEV>
<NVR_LOG_SF_MODIFY_REMDEV>修改远程点</NVR_LOG_SF_MODIFY_REMDEV>
<NVR_LOG_SF_START_REMDEV>启用远程点</NVR_LOG_SF_START_REMDEV>
<NVR_LOG_SF_STOP_REMDEV>停用远程点</NVR_LOG_SF_STOP_REMDEV>
<NVR_LOG_SF_H323_SEC_CTRL>远程点双流控制</NVR_LOG_SF_H323_SEC_CTRL>
<NVR_LOG_SF_SET_VID_LAYOUT_PARAM>设置合成画面参数</NVR_LOG_SF_SET_VID_LAYOUT_PARAM>
<NVR_LOG_SF_SET_VID_DISPLAY_PARAM>设置视频显示参数</NVR_LOG_SF_SET_VID_DISPLAY_PARAM>
<NVR_LOG_SF_SET_VID_OSD_PARAM>设置OSD参数</NVR_LOG_SF_SET_VID_OSD_PARAM>
<NVR_LOG_SF_SET_VID_OSD_FONT_PARAM>设置OSD字幕属性</NVR_LOG_SF_SET_VID_OSD_FONT_PARAM>
<NVR_LOG_SF_SET_VID_ENC_PARAM>设置视频编码参数</NVR_LOG_SF_SET_VID_ENC_PARAM>
<NVR_LOG_SF_SET_VID_START_ENC>设置开始合成编码</NVR_LOG_SF_SET_VID_START_ENC>
<NVR_LOG_SF_SET_VID_STOP_ENC>设置停止合成编码</NVR_LOG_SF_SET_VID_STOP_ENC>
<NVR_LOG_SF_SET_AUD_CAP_PARAM>设置音频采集参数</NVR_LOG_SF_SET_AUD_CAP_PARAM>
<NVR_LOG_SF_SET_AUD_PLAY_PARAM>设置音频播放参数</NVR_LOG_SF_SET_AUD_PLAY_PARAM>
<NVR_LOG_SF_SET_AUD_MIX_PARAM>设置音频混音参数</NVR_LOG_SF_SET_AUD_MIX_PARAM>
<NVR_LOG_SF_SET_AUD_NETCHN_PARAM>设置音频网络通道参数</NVR_LOG_SF_SET_AUD_NETCHN_PARAM>
<NVR_LOG_SF_SET_AUD_ACTIVE_PARAM>设置语音激励参数</NVR_LOG_SF_SET_AUD_ACTIVE_PARAM>
<NVR_LOG_SF_SET_AUD_REF_PARAM>设置音频参考源参数</NVR_LOG_SF_SET_AUD_REF_PARAM>
<NVR_LOG_SF_SET_AUD_ENC_PARAM>设置音频编码参数</NVR_LOG_SF_SET_AUD_ENC_PARAM>
<NVR_LOG_SF_SET_AUD_START_ENC>设置开启音频编码</NVR_LOG_SF_SET_AUD_START_ENC>
<NVR_LOG_SF_SET_AUD_STOP_ENC>设置停止音频编码</NVR_LOG_SF_SET_AUD_STOP_ENC>
<NVR_LOG_SF_SET_VMT_CFG_PARAM>设置视频矩阵配置</NVR_LOG_SF_SET_VMT_CFG_PARAM>
<NVR_LOG_SF_SET_VMT_IN_CHN_ALIAS_PARAM>设置视频矩阵输入别名</NVR_LOG_SF_SET_VMT_IN_CHN_ALIAS_PARAM>
<NVR_LOG_SF_SET_VMT_IN_CHN_PARAM>设置视频矩阵输入配置</NVR_LOG_SF_SET_VMT_IN_CHN_PARAM>
<NVR_LOG_SF_SET_VMT_OUT_CHN_PARAM>设置视频矩阵输出配置</NVR_LOG_SF_SET_VMT_OUT_CHN_PARAM>
<NVR_LOG_SF_BURN_START>开始刻录</NVR_LOG_SF_BURN_START>
<NVR_LOG_SF_BURN_STOP>停止刻录</NVR_LOG_SF_BURN_STOP>
<NVR_LOG_SF_BURN_ABORT>中断刻录</NVR_LOG_SF_BURN_ABORT>
<NVR_LOG_SF_BURN_PAUSE>暂停刻录</NVR_LOG_SF_BURN_PAUSE>
<NVR_LOG_SF_BURN_RESUME>恢复刻录</NVR_LOG_SF_BURN_RESUME>
<NVR_LOG_SF_BURN_DROP>放弃刻录</NVR_LOG_SF_BURN_DROP>
<NVR_LOG_SF_BURN_CREATE_NEW>新建刻录任务</NVR_LOG_SF_BURN_CREATE_NEW>
<NVR_LOG_SF_BURN_STOP_CREATE_NEW>停止新建刻录任务</NVR_LOG_SF_BURN_STOP_CREATE_NEW>
<NVR_LOG_SF_BURN_DELETE_TASK>删除刻录任务</NVR_LOG_SF_BURN_DELETE_TASK>
<NVR_LOG_SF_BURN_QUERY_TASK>查询刻录任务</NVR_LOG_SF_BURN_QUERY_TASK>
<NVR_LOG_SF_SET_CCU_CFG>设置中控配置</NVR_LOG_SF_SET_CCU_CFG>
<NVR_LOG_SF_SET_ORDER_CFG>设置指令配置</NVR_LOG_SF_SET_ORDER_CFG>
<NVR_LOG_SF_REC_DELETE_ALL>清空录像</NVR_LOG_SF_REC_DELETE_ALL>
<NVR_LOG_SYSR_RAID_RECOVERT_START>阵列重建开始</NVR_LOG_SYSR_RAID_RECOVERT_START>
<NVR_LOG_SYSR_RAID_RECOVERT_END>阵列重建结束</NVR_LOG_SYSR_RAID_RECOVERT_END>
<NVR_LOG_SF_SET_AUD_LIVE_ENC_PARAM>设置直播音频编码参数</NVR_LOG_SF_SET_AUD_LIVE_ENC_PARAM>
<NVR_LOG_SF_BURN_SET_CFG>设置刻录配置</NVR_LOG_SF_BURN_SET_CFG>
<NVR_LOG_SF_SET_SNMP_CFG>设置svr运维配置</NVR_LOG_SF_SET_SNMP_CFG>
<NVR_LOG_SF_SET_ALG_ALIAS>设置算法别名配置</NVR_LOG_SF_SET_ALG_ALIAS>
<NVR_LOG_SF_SET_ALG_CHN_CFG>设置算法通道规则配置</NVR_LOG_SF_SET_ALG_CHN_CFG>
<NVR_LOG_SET_STREAM_COMPOS_PARAM>设置视频信息叠加参数</NVR_LOG_SET_STREAM_COMPOS_PARAM>
<NVR_LOG_SET_8021X_PARAM>设置8021X参数</NVR_LOG_SET_8021X_PARAM>
<NVR_LOG_SET_PTZ_AUTO_MAINTENANCE>设置云台维护</NVR_LOG_SET_PTZ_AUTO_MAINTENANCE>
<NVR_LOG_SET_LEN_AUTO_MAINTENANCE>设置镜头维护</NVR_LOG_SET_LEN_AUTO_MAINTENANCE>
<NVR_LOG_SET_PTZ_BASIC_PARAM>设置云台基本配置参数</NVR_LOG_SET_PTZ_BASIC_PARAM>
<NVR_LOG_SET_PTZ_WATCHON_PARAM>设置云台守望设置参数</NVR_LOG_SET_PTZ_WATCHON_PARAM>
<NVR_LOG_SET_PTZ_PATHCRU_PARAM>设置云台巡航扫描参数</NVR_LOG_SET_PTZ_PATHCRU_PARAM>
<NVR_LOG_SET_PTZ_TIMETASK_PARAM>设置云台定时任务参数</NVR_LOG_SET_PTZ_TIMETASK_PARAM>
<NVR_LOG_EXT_DEV_ADD>添加扩展设备</NVR_LOG_EXT_DEV_ADD>
<NVR_LOG_EXT_DEV_DEL>删除扩展设备</NVR_LOG_EXT_DEV_DEL>
<NVR_LOG_EXT_DEV_MODIFY>编辑扩展设备</NVR_LOG_EXT_DEV_MODIFY>
<NVR_LOG_EXT_DEV_SET_LAYOUT>设置画面风格</NVR_LOG_EXT_DEV_SET_LAYOUT>
<NVR_LOG_EXT_DEV_SET_OUTPUT_CFG>配置输出设备</NVR_LOG_EXT_DEV_SET_OUTPUT_CFG>
<NVR_LOG_EXT_DEV_ONOFFLINE>扩展显示设备上下线</NVR_LOG_EXT_DEV_ONOFFLINE>
<NVR_LOG_RTMP_PUSH_ADD>添加推流任务</NVR_LOG_RTMP_PUSH_ADD>
<NVR_LOG_RTMP_PUSH_DEL>删除推流任务</NVR_LOG_RTMP_PUSH_DEL>
<NVR_LOG_RTMP_PUSH_EDIT>编辑推流任务</NVR_LOG_RTMP_PUSH_EDIT>
<NVR_LOG_RTMP_PUSH_START>开始推流</NVR_LOG_RTMP_PUSH_START>
<NVR_LOG_RTMP_PUSH_STOP>停止推流</NVR_LOG_RTMP_PUSH_STOP>
<NVR_LOG_START_INTERACT>开始互动</NVR_LOG_START_INTERACT>
<NVR_LOG_STOP_INTERACT>停止互动</NVR_LOG_STOP_INTERACT>
<NVR_LOG_START_INTERACT_DUAL_STREAM>开启互动双流</NVR_LOG_START_INTERACT_DUAL_STREAM>
<NVR_LOG_STOP_INTERACT_DUAL_STREAM>停止互动双流</NVR_LOG_STOP_INTERACT_DUAL_STREAM>
<NVR_LOG_MODIFY_INTERACT_PARAM>修改互动配置</NVR_LOG_MODIFY_INTERACT_PARAM>
<NVR_LOG_CFG_INTERACT_PARAM_TO_CURRENT_SCENARIO>配置互动参数到当前场景</NVR_LOG_CFG_INTERACT_PARAM_TO_CURRENT_SCENARIO>
<NVR_LOG_START_RECORDING>开始录制</NVR_LOG_START_RECORDING>
<NVR_LOG_STOP_RECORDING>停止录制</NVR_LOG_STOP_RECORDING>
<NVR_LOG_PAUSE_RECORDING>暂停录制</NVR_LOG_PAUSE_RECORDING>
<NVR_LOG_RESUME_RECORDING>恢复录制</NVR_LOG_RESUME_RECORDING>
<NVR_LOG_MODIFY_COURSE_RECORDING_SET>修改课程录制配置</NVR_LOG_MODIFY_COURSE_RECORDING_SET>
<NVR_LOG_MODIFY_RECORDING_STRATEGY>修改录制策略配置</NVR_LOG_MODIFY_RECORDING_STRATEGY>
<NVR_LOG_AUTO_DIRECTOR>自动导播</NVR_LOG_AUTO_DIRECTOR>
<NVR_LOG_MANUAL_DIRECTOR>手动导播</NVR_LOG_MANUAL_DIRECTOR>
<NVR_LOG_UPGRADE_DEVICE>设备升级</NVR_LOG_UPGRADE_DEVICE>
<NVR_LOG_SLEEP_DEVICE>设备休眠</NVR_LOG_SLEEP_DEVICE>
<NVR_LOG_EXPORT_DEVICE_CFG>导出配置</NVR_LOG_EXPORT_DEVICE_CFG>
<NVR_LOG_IMPORT_DEVICE_CFG>导入配置</NVR_LOG_IMPORT_DEVICE_CFG>
<NVR_LOG_START_PLAYING_MP4>开始播放录像文件</NVR_LOG_START_PLAYING_MP4>
<NVR_LOG_STOP_PLAYING_MP4>停止播放录像文件</NVR_LOG_STOP_PLAYING_MP4>
<NVR_LOG_PAUSE_PLAYING_MP4>暂停播放录像文件</NVR_LOG_PAUSE_PLAYING_MP4>
<NVR_LOG_RESUME_PLAYING_MP4>恢复播放录像文件</NVR_LOG_RESUME_PLAYING_MP4>
<NVR_LOG_CLEAR_MP4>清除录像文件</NVR_LOG_CLEAR_MP4>
<NVR_LOG_DELETE_MP4>删除录像文件</NVR_LOG_DELETE_MP4>
<NVR_LOG_SWITCH_SCENARIO>切换场景</NVR_LOG_SWITCH_SCENARIO>
<NVR_LOG_MODIFY_SCENARIO_VIDEO_MATRIX>修改视频矩阵配置</NVR_LOG_MODIFY_SCENARIO_VIDEO_MATRIX>
<NVR_LOG_MODIFY_SCENARIO_AUDIO_MATRIX>修改音频矩阵配置</NVR_LOG_MODIFY_SCENARIO_AUDIO_MATRIX>
<NVR_LOG_MODIFY_SCENARIO_DIRECTOR_CMDS>修改导播指令配置</NVR_LOG_MODIFY_SCENARIO_DIRECTOR_CMDS>
<NVR_LOG_MODIFY_SCENARIO_SERIAL_LISTEN_CMDS>修改中控监听指令配置</NVR_LOG_MODIFY_SCENARIO_SERIAL_LISTEN_CMDS>
<NVR_LOG_MODIFY_SCENARIO_SERIAL_CONTRL_CMDS>修改中空控制指令配置</NVR_LOG_MODIFY_SCENARIO_SERIAL_CONTRL_CMDS>
<NVR_LOG_MODIFY_SCENARIO_INTERACT_PARAM>修改场景互动配置</NVR_LOG_MODIFY_SCENARIO_INTERACT_PARAM>
<NVR_LOG_MODIFY_CMP_CHN_VID_ENC_PARAM>修改合成画面参数配置</NVR_LOG_MODIFY_CMP_CHN_VID_ENC_PARAM>
<NVR_LOG_MODIFY_PPT_CHN_VID_ENC_PARAM>修改课件参数配置</NVR_LOG_MODIFY_PPT_CHN_VID_ENC_PARAM>
<NVR_LOG_MODIFY_MERGE_STYLE_PARAM>修改画面风格配置</NVR_LOG_MODIFY_MERGE_STYLE_PARAM>
<NVR_LOG_MODIFY_OSD_PARAM>修改字幕叠加配置</NVR_LOG_MODIFY_OSD_PARAM>
<NVR_LOG_MODIFY_MSS_REGISTRATION_PARAM>修改流媒体注册配置</NVR_LOG_MODIFY_MSS_REGISTRATION_PARAM>
<NVR_LOG_MODIFY_TRACK_HOST_REGISTRATION_PARAM>修改跟踪主机配置</NVR_LOG_MODIFY_TRACK_HOST_REGISTRATION_PARAM>
<NVR_LOG_MODIFY_MCU_REGISTRATION_PARAM>修改会议平台MCU配置</NVR_LOG_MODIFY_MCU_REGISTRATION_PARAM>
<NVR_LOG_MODIFY_LIAOWANGSHIXUN_REGISTRATION_PARAM>修改瞭望视讯平台配置</NVR_LOG_MODIFY_LIAOWANGSHIXUN_REGISTRATION_PARAM>
<NVR_LOG_MODIFY_CHN_ALIAS>修改通道别名配置</NVR_LOG_MODIFY_CHN_ALIAS>
<NVR_LOG_MODIFY_DHCP_PARAM>修改DHCP参数配置</NVR_LOG_MODIFY_DHCP_PARAM>
<NVR_LOG_START_NET_TEST>开始网络测试</NVR_LOG_START_NET_TEST>
<NVR_LOG_STOP_NET_TEST>停止网络测试</NVR_LOG_STOP_NET_TEST>
<NVR_LOG_START_LOOPBACK_SELFTEST>开始环回自检</NVR_LOG_START_LOOPBACK_SELFTEST>
<NVR_LOG_STOP_LOOPBACK_SELFTEST>停止环回自检</NVR_LOG_STOP_LOOPBACK_SELFTEST>
<NVR_LOG_MODIFY_SCENARIO_SERIAL_LISTEN_PARAM>修改中控监听串口配置</NVR_LOG_MODIFY_SCENARIO_SERIAL_LISTEN_PARAM>
<NVR_LOG_MODIFY_SCENARIO_SERIAL_CONTRL_PARAM>修改中控控制串口配置</NVR_LOG_MODIFY_SCENARIO_SERIAL_CONTRL_PARAM>
<NVR_LOG_MODIFY_NIC_PARAM>修改网卡配置</NVR_LOG_MODIFY_NIC_PARAM>
<NVR_LOG_MODIFY_STATIC_ROUTER_PARAM>修改静态路由配置</NVR_LOG_MODIFY_STATIC_ROUTER_PARAM>
<NVR_LOG_SEND_SERIAL_CTRL_CMD>发送中控控制指令</NVR_LOG_SEND_SERIAL_CTRL_CMD>
<NVR_LOG_SEND_SERIAL_TEST_CMD>发送中控测试指令</NVR_LOG_SEND_SERIAL_TEST_CMD>
<NVR_LOG_MODIFY_CMP_CHN_AUDIO_TYPE>修改合成画面音频类型</NVR_LOG_MODIFY_CMP_CHN_AUDIO_TYPE>
<NVR_LOG_MODIFY_IOMS_PARAM>修改IOMS参数配置</NVR_LOG_MODIFY_IOMS_PARAM>
<NVR_LOG_MODIFY_CMP_OVERLAY_PARAM>修改合成叠加窗口配置</NVR_LOG_MODIFY_CMP_OVERLAY_PARAM>
<NVR_LOG_START_SOUND_TEST>开始声场检测</NVR_LOG_START_SOUND_TEST>
<NVR_LOG_MODIFY_INTERACT_MODE>修改互动模式</NVR_LOG_MODIFY_INTERACT_MODE>
<NVR_LOG_WRTC_MODIFY_PARAM>修改流媒体互动配置</NVR_LOG_WRTC_MODIFY_PARAM>
<NVR_LOG_WRTC_JOIN_CONF>加入流媒体互动会议</NVR_LOG_WRTC_JOIN_CONF>
<NVR_LOG_WRTC_LEAVE_CONF>退出流媒体互动会议</NVR_LOG_WRTC_LEAVE_CONF>
<NVR_LOG_MODIFY_FRP_PARAM>修改FRP配置</NVR_LOG_MODIFY_FRP_PARAM>
<NVR_LOG_MODIFY_RTMP_PARAM>修改RTMP推流配置</NVR_LOG_MODIFY_RTMP_PARAM>
<NVR_LOG_SERIAL_RECORDING>中控-录制</NVR_LOG_SERIAL_RECORDING>
<NVR_LOG_SERIAL_PAUSE>中控-暂停</NVR_LOG_SERIAL_PAUSE>
<NVR_LOG_SERIAL_STOP>中控-结束</NVR_LOG_SERIAL_STOP>
<NVR_LOG_SERIAL_AUTO>中控-自动</NVR_LOG_SERIAL_AUTO>
<NVR_LOG_SERIAL_TEACHER>中控-老师</NVR_LOG_SERIAL_TEACHER>
<NVR_LOG_SERIAL_STUDENT_A>中控-学生A</NVR_LOG_SERIAL_STUDENT_A>
<NVR_LOG_SERIAL_STUDENT_B>中控-学生B</NVR_LOG_SERIAL_STUDENT_B>
<NVR_LOG_SERIAL_VGA>中控-VGA</NVR_LOG_SERIAL_VGA>
<NVR_LOG_SERIAL_PICTURE_STYLE>中控-画面模式</NVR_LOG_SERIAL_PICTURE_STYLE>
<NVR_LOG_SERIAL_TRACK>中控-跟踪</NVR_LOG_SERIAL_TRACK>
<NVR_LOG_SERIAL_O2O>中控-点对点</NVR_LOG_SERIAL_O2O>
<NVR_LOG_SERIAL_O2M>中控-一对多</NVR_LOG_SERIAL_O2M>
<NVR_LOG_SERIAL_MUTE>中控-静音</NVR_LOG_SERIAL_MUTE>
<NVR_LOG_SERIAL_DUMB>中控-哑音</NVR_LOG_SERIAL_DUMB>
<NVR_LOG_SERIAL_SPEACK_MODE>中控-主讲模式</NVR_LOG_SERIAL_SPEACK_MODE>
<NVR_LOG_SERIAL_STUDENT_MODE>中控-听讲模式</NVR_LOG_SERIAL_STUDENT_MODE>
<NVR_LOG_SERIAL_RECORDING_MODE>中控-录播模式</NVR_LOG_SERIAL_RECORDING_MODE>
<NVR_LOG_SERIAL_NUMBER>中控-数字按键</NVR_LOG_SERIAL_NUMBER>
<NVR_LOG_SERIAL_CMB_INTERACT_INPUT>中控-远端合成</NVR_LOG_SERIAL_CMB_INTERACT_INPUT>
<NVR_LOG_SERIAL_DUAL_STREAM>中控-双流</NVR_LOG_SERIAL_DUAL_STREAM>
<NVR_LOG_SERIAL_OTHER_ORDER>中控-其它</NVR_LOG_SERIAL_OTHER_ORDER>
<NVR_LOG_VSIP_ORDER_CONTRAL>录播控制</NVR_LOG_VSIP_ORDER_CONTRAL>
<NVR_LOG_VSIP_SCH_REC_CTRL>周期录像控制</NVR_LOG_VSIP_SCH_REC_CTRL>
<NVR_LOG_VSIP_SCH_INFO_SET>排课信息设置</NVR_LOG_VSIP_SCH_INFO_SET>
<NVR_LOG_VSIP_SCH_TIME_SET>周期录像时间设置</NVR_LOG_VSIP_SCH_TIME_SET>
<NVR_LOG_VSIP_MERGE_INFO_SET>合成画面设置</NVR_LOG_VSIP_MERGE_INFO_SET>
<NVR_LOG_VSIP_MERGE_INFO_SET_EXT>合成画面设置</NVR_LOG_VSIP_MERGE_INFO_SET_EXT>
<NVR_LOG_IOMS_SET_PARAM>设置运维参数</NVR_LOG_IOMS_SET_PARAM>
<NVR_LOG_IOMS_UPGRADE>运维-升级</NVR_LOG_IOMS_UPGRADE>
<NVR_LOG_IOMS_REBOOT>运维-重启</NVR_LOG_IOMS_REBOOT>
<NVR_LOG_IOMS_IMPT_CFG>运维-导入配置</NVR_LOG_IOMS_IMPT_CFG>
<NVR_LOG_SVRRTMP_PUSH_SUCC>推流成功</NVR_LOG_SVRRTMP_PUSH_SUCC>
<NVR_LOG_SVRRTMP_PUSH_FAIL>推流失败</NVR_LOG_SVRRTMP_PUSH_FAIL>
<NVR_LOG_SVRRTMP_STOP_PUSH>停止推流</NVR_LOG_SVRRTMP_STOP_PUSH>
<NVR_LOG_SVRMP4_RECORD>mp4录制</NVR_LOG_SVRMP4_RECORD>
<NVR_LOG_SVRMP4_PLAYBACK>mp4回放</NVR_LOG_SVRMP4_PLAYBACK>
<NVR_LOG_PAAPPCLT_REG_GK_SUCC>GK注册成功</NVR_LOG_PAAPPCLT_REG_GK_SUCC>
<NVR_LOG_PAAPPCLT_REG_GK_FAIL>GK注册失败</NVR_LOG_PAAPPCLT_REG_GK_FAIL>
<NVR_LOG_PAAPPCLT_CALL_CONNECT>呼叫建立</NVR_LOG_PAAPPCLT_CALL_CONNECT>
<NVR_LOG_PAAPPCLT_CALL_DISCONNECT>呼叫断开</NVR_LOG_PAAPPCLT_CALL_DISCONNECT>
<NVR_LOG_CONFAPP_SPECIAL_CLASS>专递课堂</NVR_LOG_CONFAPP_SPECIAL_CLASS>
<NVR_LOG_CONFAPP_SPECIAL_CLASS_API>专递课堂-api</NVR_LOG_CONFAPP_SPECIAL_CLASS_API>
<NVR_LOG_CONFAPP_SPECIAL_CLASS_HTTP>专递课堂-http</NVR_LOG_CONFAPP_SPECIAL_CLASS_HTTP>
</languagelist>